{
	"_this_is_a_comment": "Make sure to put EVERYTHING in a list",

	 "BLUE_ROBOT_MAIN_ID": [1],

	 "BLUE_PAMI_IDS": [51, 52, 53, 54, 55, 56],

	 "YELLOW_ROBOT_MAIN_ID": [16],

	 "YELLOW_PAMI_IDS": [71, 72, 73, 74, 75, 76],

	 "IHM_PAMI_IDS": [51, 52, 1, 72, 6, 71],

	 "BOARD_CORNER_IDS": [20, 21, 22, 23],

	 "PLANT_FRAGILE_ID": [36],

	 "PLANT_RESISTANT_ID": [13],

	 "PLANT_HSV_RANGE": [[45, 50, 255],

	 					 [70, 50, 255]],

	 "PLANT_HSV_SURFACE": [0, 1000],

	 "SOLAR_PANEL_ID": [47],

	 "HEIGHT_BETWEEN_TWO_ARUCO_INTERIORS_IN_MM": [1100],

	 "HEIGHT_BETWEEN_BOARD_AND_ARUCO_EXTERIOR_IN_MM": [450],

	 "WIDTH_BETWEEN_BOARD_AND_ARUCO_EXTERIOR_IN_MM": [692.3],

	 "AUTO_ORIGINAL_PHOTO_SIZE": [3280, 2464],

	 "AUTO_K_DISTORTION": [[1153.0396704602856, 0.0, 1810.5156710372837],

	 					 [0.0, 1152.2856299689329, 1258.059977630397],

	 					 [0.0, 0.0, 1.0]],

	 "AUTO_D_DISTORTION": [[0.034642722435469876],

	 					 [0.02161751286660213],

	 					 [-0.024424605888711017],

	 					 [0.008622308513880983]],

	 "AUTO_TRANSFORM_MATRIX": [[4.941548577055077, 1.4636037006850158, -7320.583582075762],

	 					 [0.3657836120274656, 5.468464999810606, -6250.41891642232],

	 					 [-4.0686345654677674e-05, 0.0024345748614049705, 1.0]],

	 "AUTO_REDRESS_SIZE": [1293, 683]
}