{
	"_this_is_a_comment": "Make sure to put EVERYTHING in a list",

    "WHO_AM_I": ["Louise", "BLUE"],

    "BLUE_ROBOT_MAIN_ID": [1],

    "BLUE_ROBOT_FINISH_TARGETS": [[250, 1800], [2800, 100]],

    "YELLOW_ROBOT_MAIN_ID": [16],

    "YELLOW_ROBOT_FINISH_TARGETS": [[250, 1800], [2800, 100]],

    "BLUE_PAMI_IDS": [1, 52, 53, 54, 55, 56],

    "YELLOW_PAMI_IDS": [71, 72, 73, 74, 75, 76],

    "BLUE_PAMI_TARGETS": [[0, 750], [100, 250], [0, 650], [100, 1750], [3000, 1450], [2900, 1000]],

    "YELLOW_PAMI_TARGETS": [[0, 750], [100, 250], [0, 650], [100, 1750], [3000, 1450], [2900, 1000]],

    "IHM_PAMI_IDS": [51, 52, 1, 72, 6, 71],

    "IP_ADDRESS_PAMIS": ["192.168.0.101", "192.168.0.102", "192.168.0.103", "192.168.0.104", "192.168.0.105", "192.168.0.106"],

    "BOARD_CORNER_IDS": [20, 21, 22, 23],

    "PLANT_FRAGILE_ID": [36],

    "PLANT_RESISTANT_ID": [13],

    "PLANT_HSV_RANGE": [[45, 50, 255], [70, 50, 255]],

    "PLANT_HSV_SURFACE": [0, 1000],

    "SOLAR_PANEL_ID": [47],

    "SELF_IP_ADDRESS_ON_SELF_HOTSPOT": ["177.50.0.1"],

    "SELF_IP_ADDRESS_ON_TPLINK": ["192.168.0.110"],

    "WALDO_IP_ON_TPLINK": ["192.168.0.120"],

    "HEIGHT_BETWEEN_TWO_ARUCO_INTERIORS_IN_MM": [1100],

    "HEIGHT_BETWEEN_BOARD_AND_ARUCO_EXTERIOR_IN_MM": [450],

    "WIDTH_BETWEEN_BOARD_AND_ARUCO_EXTERIOR_IN_MM": [692.3],

    "AUTO_ORIGINAL_PHOTO_SIZE": [3280, 2464],

    "AUTO_K_DISTORTION": [[1153.0396704602856, 0.0, 1810.5156710372837], [0.0, 1152.2856299689329, 1258.059977630397], [0.0, 0.0, 1.0]],

    "AUTO_D_DISTORTION": [[0.034642722435469876], [0.02161751286660213], [-0.024424605888711017], [0.008622308513880983]],

    "AUTO_TRANSFORM_MATRIX": [[-6.755836544482384, 4.193080602630454, 12885.869017358937], [-0.1426291816474287, -5.169822973533384, 11280.399631264272], [-0.00016754933736586305, 0.0028649986104184568, 1.0]],

    "AUTO_REDRESS_SIZE": [3000, 2000]
}
